filename,width,height,class,xmin,ymin,xmax,ymax
img_1020.jpg,640,480,tomato,360,227,395,276
img_1020.jpg,640,480,tomato,329,235,363,286
img_1020.jpg,640,480,tomato,279,237,335,278
img_1020.jpg,640,480,tomato,283,280,329,331
img_1020.jpg,640,480,tomato,309,309,347,355
img_1020.jpg,640,480,tomato,354,319,393,365
img_1020.jpg,640,480,tomato,370,267,404,314
img_1020.jpg,640,480,tomato,379,303,415,349
img_1020.jpg,640,480,tomato,301,348,341,392
img_1020.jpg,640,480,tomato,348,363,385,423
img_1020.jpg,640,480,tomato,383,363,430,417
img_1030.jpg,640,480,tomato,281,237,333,282
img_1030.jpg,640,480,tomato,331,234,364,284
img_1030.jpg,640,480,tomato,363,227,396,276
img_1030.jpg,640,480,tomato,285,281,328,329
img_1030.jpg,640,480,tomato,337,277,370,320
img_1030.jpg,640,480,tomato,369,267,404,312
img_1030.jpg,640,480,tomato,307,310,346,354
img_1030.jpg,640,480,tomato,356,318,393,368
img_1030.jpg,640,480,tomato,382,304,417,352
img_1030.jpg,640,480,tomato,300,348,342,392
img_1030.jpg,640,480,tomato,346,363,383,424
img_1030.jpg,640,480,tomato,385,363,430,418
img_1040.jpg,640,480,tomato,283,239,335,282
img_1040.jpg,640,480,tomato,330,234,363,284
img_1040.jpg,640,480,tomato,360,229,395,276
img_1040.jpg,640,480,tomato,283,282,329,330
img_1040.jpg,640,480,tomato,335,277,372,321
img_1040.jpg,640,480,tomato,369,267,405,310
img_1040.jpg,640,480,tomato,307,310,344,352
img_1040.jpg,640,480,tomato,356,319,393,365
img_1040.jpg,640,480,tomato,377,305,415,350
img_1040.jpg,640,480,tomato,300,348,337,393
img_1040.jpg,640,480,tomato,344,362,384,423
img_1040.jpg,640,480,tomato,381,361,429,419
img_1050.jpg,640,480,tomato,283,241,333,281
img_1050.jpg,640,480,tomato,332,235,363,284
img_1050.jpg,640,480,tomato,362,228,395,276
img_1050.jpg,640,480,tomato,284,280,329,331
img_1050.jpg,640,480,tomato,335,278,372,322
img_1050.jpg,640,480,tomato,368,266,404,314
img_1050.jpg,640,480,tomato,308,308,347,351
img_1050.jpg,640,480,tomato,354,317,393,367
img_1050.jpg,640,480,tomato,382,302,414,350
img_1050.jpg,640,480,tomato,301,349,339,390
img_1050.jpg,640,480,tomato,346,363,383,425
img_1050.jpg,640,480,tomato,381,363,429,418
img_1060.jpg,640,480,tomato,281,239,332,282
img_1060.jpg,640,480,tomato,329,234,364,285
img_1060.jpg,640,480,tomato,360,226,395,275
img_1060.jpg,640,480,tomato,282,277,330,330
img_1060.jpg,640,480,tomato,335,279,371,322
img_1060.jpg,640,480,tomato,369,267,403,314
img_1060.jpg,640,480,tomato,309,309,347,355
img_1060.jpg,640,480,tomato,356,318,393,367
img_1060.jpg,640,480,tomato,380,304,415,350
img_1060.jpg,640,480,tomato,301,350,339,391
img_1060.jpg,640,480,tomato,347,364,384,423
img_1060.jpg,640,480,tomato,383,363,429,418
img_1070.jpg,640,480,tomato,285,238,333,280
img_1070.jpg,640,480,tomato,333,234,365,282
img_1070.jpg,640,480,tomato,361,227,396,278
img_1070.jpg,640,480,tomato,285,279,329,331
img_1070.jpg,640,480,tomato,337,277,369,323
img_1070.jpg,640,480,tomato,371,268,404,313
img_1070.jpg,640,480,tomato,308,310,345,355
img_1070.jpg,640,480,tomato,356,317,395,365
img_1070.jpg,640,480,tomato,382,303,416,350
img_1070.jpg,640,480,tomato,304,348,341,391
img_1070.jpg,640,480,tomato,348,361,385,423
img_1070.jpg,640,480,tomato,382,361,431,418
img_1080.jpg,640,480,tomato,283,238,332,280
img_1080.jpg,640,480,tomato,332,234,364,285
img_1080.jpg,640,480,tomato,362,229,395,277
img_1080.jpg,640,480,tomato,285,280,329,331
img_1080.jpg,640,480,tomato,336,277,371,325
img_1080.jpg,640,480,tomato,369,267,405,315
img_1080.jpg,640,480,tomato,311,310,345,355
img_1080.jpg,640,480,tomato,356,319,393,366
img_1080.jpg,640,480,tomato,378,303,414,348
img_1080.jpg,640,480,tomato,301,348,337,391
img_1080.jpg,640,480,tomato,347,364,382,424
img_1080.jpg,640,480,tomato,380,363,431,420
img_1090.jpg,640,480,tomato,282,240,334,280
img_1090.jpg,640,480,tomato,332,236,363,284
img_1090.jpg,640,480,tomato,361,228,395,275
img_1090.jpg,640,480,tomato,283,278,329,329
img_1090.jpg,640,480,tomato,336,277,372,322
img_1090.jpg,640,480,tomato,368,266,404,312
img_1090.jpg,640,480,tomato,310,310,347,355
img_1090.jpg,640,480,tomato,356,317,393,367
img_1090.jpg,640,480,tomato,380,302,415,350
img_1090.jpg,640,480,tomato,302,347,339,391
img_1090.jpg,640,480,tomato,349,363,385,423
img_1090.jpg,640,480,tomato,383,362,431,417
img_1100.jpg,640,480,tomato,283,241,333,277
img_1100.jpg,640,480,tomato,332,235,365,287
img_1100.jpg,640,480,tomato,362,228,395,276
img_1100.jpg,640,480,tomato,284,280,330,331
img_1100.jpg,640,480,tomato,336,279,370,325
img_1100.jpg,640,480,tomato,370,264,405,310
img_1100.jpg,640,480,tomato,308,310,347,353
img_1100.jpg,640,480,tomato,355,318,393,368
img_1100.jpg,640,480,tomato,381,303,415,353
img_1100.jpg,640,480,tomato,301,347,339,392
img_1100.jpg,640,480,tomato,345,363,384,425
img_1100.jpg,640,480,tomato,382,364,431,419
img_1110.jpg,640,480,tomato,283,240,335,282
img_1110.jpg,640,480,tomato,330,235,364,284
img_1110.jpg,640,480,tomato,361,229,397,276
img_1110.jpg,640,480,tomato,282,279,329,328
img_1110.jpg,640,480,tomato,337,276,371,322
img_1110.jpg,640,480,tomato,367,264,403,316
img_1110.jpg,640,480,tomato,309,308,350,355
img_1110.jpg,640,480,tomato,355,318,395,369
img_1110.jpg,640,480,tomato,379,303,417,350
img_1110.jpg,640,480,tomato,302,352,340,390
img_1110.jpg,640,480,tomato,347,363,383,424
img_1110.jpg,640,480,tomato,382,359,432,419
img_1120.jpg,640,480,tomato,280,240,332,279
img_1120.jpg,640,480,tomato,330,235,363,281
img_1120.jpg,640,480,tomato,361,228,394,276
img_1120.jpg,640,480,tomato,283,279,328,331
img_1120.jpg,640,480,tomato,337,276,371,323
img_1120.jpg,640,480,tomato,369,267,403,312
img_1120.jpg,640,480,tomato,308,308,347,355
img_1120.jpg,640,480,tomato,353,316,394,368
img_1120.jpg,640,480,tomato,380,303,415,350
img_1120.jpg,640,480,tomato,301,348,337,390
img_1120.jpg,640,480,tomato,347,363,384,423
img_1120.jpg,640,480,tomato,380,363,429,418
img_1130.jpg,640,480,tomato,283,239,333,281
img_1130.jpg,640,480,tomato,329,234,363,286
img_1130.jpg,640,480,tomato,359,228,394,279
img_1130.jpg,640,480,tomato,282,279,329,328
img_1130.jpg,640,480,tomato,335,277,369,322
img_1130.jpg,640,480,tomato,369,267,404,313
img_1130.jpg,640,480,tomato,307,306,347,354
img_1130.jpg,640,480,tomato,351,317,392,368
img_1130.jpg,640,480,tomato,382,303,414,350
img_1130.jpg,640,480,tomato,301,348,339,387
img_1130.jpg,640,480,tomato,345,363,384,423
img_1130.jpg,640,480,tomato,383,364,427,417
img_1140.jpg,640,480,tomato,283,239,333,280
img_1140.jpg,640,480,tomato,331,235,363,284
img_1140.jpg,640,480,tomato,360,230,395,276
img_1140.jpg,640,480,tomato,285,279,329,326
img_1140.jpg,640,480,tomato,337,277,373,322
img_1140.jpg,640,480,tomato,367,266,405,312
img_1140.jpg,640,480,tomato,309,308,346,354
img_1140.jpg,640,480,tomato,353,318,393,369
img_1140.jpg,640,480,tomato,380,303,414,350
img_1140.jpg,640,480,tomato,302,349,339,389
img_1140.jpg,640,480,tomato,345,364,382,424
img_1140.jpg,640,480,tomato,382,364,431,419
img_1150.jpg,640,480,tomato,289,239,338,279
img_1150.jpg,640,480,tomato,335,236,367,285
img_1150.jpg,640,480,tomato,364,230,397,274
img_1150.jpg,640,480,tomato,292,278,336,329
img_1150.jpg,640,480,tomato,337,276,375,325
img_1150.jpg,640,480,tomato,370,267,407,313
img_1150.jpg,640,480,tomato,306,309,348,355
img_1150.jpg,640,480,tomato,356,319,396,369
img_1150.jpg,640,480,tomato,382,303,420,353
img_1150.jpg,640,480,tomato,306,347,342,389
img_1150.jpg,640,480,tomato,348,365,387,426
img_1150.jpg,640,480,tomato,386,366,432,423
img_1160.jpg,640,480,tomato,288,240,341,279
img_1160.jpg,640,480,tomato,335,236,366,284
img_1160.jpg,640,480,tomato,362,230,397,277
img_1160.jpg,640,480,tomato,292,280,334,324
img_1160.jpg,640,480,tomato,337,279,376,324
img_1160.jpg,640,480,tomato,372,267,408,313
img_1160.jpg,640,480,tomato,312,310,349,351
img_1160.jpg,640,480,tomato,356,320,396,371
img_1160.jpg,640,480,tomato,385,305,419,353
img_1160.jpg,640,480,tomato,307,350,346,389
img_1160.jpg,640,480,tomato,349,365,385,426
img_1160.jpg,640,480,tomato,382,368,433,423
img_1170.jpg,640,480,tomato,291,239,345,279
img_1170.jpg,640,480,tomato,336,236,368,282
img_1170.jpg,640,480,tomato,362,229,395,278
img_1170.jpg,640,480,tomato,293,278,339,323
img_1170.jpg,640,480,tomato,339,279,375,323
img_1170.jpg,640,480,tomato,371,269,410,315
img_1170.jpg,640,480,tomato,311,305,351,353
img_1170.jpg,640,480,tomato,353,321,394,368
img_1170.jpg,640,480,tomato,387,303,421,353
img_1170.jpg,640,480,tomato,307,347,346,387
img_1170.jpg,640,480,tomato,348,365,387,425
img_1170.jpg,640,480,tomato,385,366,433,426
img_1180.jpg,640,480,tomato,292,239,344,276
img_1180.jpg,640,480,tomato,338,237,368,281
img_1180.jpg,640,480,tomato,360,228,397,276
img_1180.jpg,640,480,tomato,298,278,339,325
img_1180.jpg,640,480,tomato,337,279,376,322
img_1180.jpg,640,480,tomato,369,268,410,311
img_1180.jpg,640,480,tomato,311,307,351,350
img_1180.jpg,640,480,tomato,353,320,395,370
img_1180.jpg,640,480,tomato,387,303,421,354
img_1180.jpg,640,480,tomato,308,344,347,384
img_1180.jpg,640,480,tomato,345,365,384,424
img_1180.jpg,640,480,tomato,383,369,434,423
img_1190.jpg,640,480,tomato,294,237,344,275
img_1190.jpg,640,480,tomato,338,236,369,279
img_1190.jpg,640,480,tomato,360,229,395,279
img_1190.jpg,640,480,tomato,301,275,342,320
img_1190.jpg,640,480,tomato,339,278,373,322
img_1190.jpg,640,480,tomato,371,266,410,313
img_1190.jpg,640,480,tomato,310,305,351,348
img_1190.jpg,640,480,tomato,352,314,388,366
img_1190.jpg,640,480,tomato,383,303,418,357
img_1190.jpg,640,480,tomato,309,344,344,382
img_1190.jpg,640,480,tomato,343,363,382,421
img_1190.jpg,640,480,tomato,380,365,432,426
img_1200.jpg,640,480,tomato,294,236,347,273
img_1200.jpg,640,480,tomato,358,230,394,277
img_1200.jpg,640,480,tomato,299,275,343,318
img_1200.jpg,640,480,tomato,338,277,376,322
img_1200.jpg,640,480,tomato,369,266,410,311
img_1200.jpg,640,480,tomato,308,305,352,347
img_1200.jpg,640,480,tomato,355,318,386,363
img_1200.jpg,640,480,tomato,385,301,418,358
img_1200.jpg,640,480,tomato,312,342,348,380
img_1200.jpg,640,480,tomato,347,361,384,419
img_1200.jpg,640,480,tomato,384,366,431,423
img_1210.jpg,640,480,tomato,298,236,352,271
img_1210.jpg,640,480,tomato,354,227,394,275
img_1210.jpg,640,480,tomato,305,274,344,313
img_1210.jpg,640,480,tomato,341,276,374,316
img_1210.jpg,640,480,tomato,365,264,407,310
img_1210.jpg,640,480,tomato,308,303,349,343
img_1210.jpg,640,480,tomato,349,314,385,365
img_1210.jpg,640,480,tomato,384,304,421,362
img_1210.jpg,640,480,tomato,312,336,350,377
img_1210.jpg,640,480,tomato,346,359,381,417
img_1210.jpg,640,480,tomato,382,365,428,423
img_1220.jpg,640,480,tomato,325,239,379,273
img_1220.jpg,640,480,tomato,390,229,427,276
img_1220.jpg,640,480,tomato,327,275,375,320
img_1220.jpg,640,480,tomato,369,279,406,324
img_1220.jpg,640,480,tomato,399,268,440,314
img_1220.jpg,640,480,tomato,339,305,380,347
img_1220.jpg,640,480,tomato,383,320,424,371
img_1220.jpg,640,480,tomato,418,305,451,360
img_1220.jpg,640,480,tomato,338,342,380,383
img_1220.jpg,640,480,tomato,378,362,415,425
img_1220.jpg,640,480,tomato,416,370,465,430
img_1230.jpg,640,480,tomato,331,239,384,276
img_1230.jpg,640,480,tomato,396,229,434,275
img_1230.jpg,640,480,tomato,335,277,378,320
img_1230.jpg,640,480,tomato,376,279,409,322
img_1230.jpg,640,480,tomato,407,270,447,314
img_1230.jpg,640,480,tomato,344,306,384,348
img_1230.jpg,640,480,tomato,389,319,425,372
img_1230.jpg,640,480,tomato,423,309,457,363
img_1230.jpg,640,480,tomato,344,346,382,383
img_1230.jpg,640,480,tomato,380,367,421,425
img_1230.jpg,640,480,tomato,418,371,468,432
img_1240.jpg,640,480,tomato,332,239,384,274
img_1240.jpg,640,480,tomato,395,231,431,275
img_1240.jpg,640,480,tomato,333,279,377,320
img_1240.jpg,640,480,tomato,374,281,410,321
img_1240.jpg,640,480,tomato,407,267,446,316
img_1240.jpg,640,480,tomato,344,307,387,348
img_1240.jpg,640,480,tomato,390,320,427,371
img_1240.jpg,640,480,tomato,423,305,457,361
img_1240.jpg,640,480,tomato,343,344,382,387
img_1240.jpg,640,480,tomato,382,369,420,426
img_1240.jpg,640,480,tomato,423,372,468,430
img_1250.jpg,640,480,tomato,329,239,383,275
img_1250.jpg,640,480,tomato,394,230,433,275
img_1250.jpg,640,480,tomato,333,278,377,321
img_1250.jpg,640,480,tomato,374,281,408,322
img_1250.jpg,640,480,tomato,405,269,443,313
img_1250.jpg,640,480,tomato,344,308,384,350
img_1250.jpg,640,480,tomato,387,320,425,374
img_1250.jpg,640,480,tomato,423,308,457,362
img_1250.jpg,640,480,tomato,344,346,382,383
img_1250.jpg,640,480,tomato,381,367,421,428
img_1250.jpg,640,480,tomato,418,372,470,433
img_1260.jpg,640,480,tomato,331,238,381,276
img_1260.jpg,640,480,tomato,393,229,433,279
img_1260.jpg,640,480,tomato,333,277,379,321
img_1260.jpg,640,480,tomato,372,281,409,325
img_1260.jpg,640,480,tomato,407,269,444,315
img_1260.jpg,640,480,tomato,345,307,384,349
img_1260.jpg,640,480,tomato,386,319,425,373
img_1260.jpg,640,480,tomato,422,306,457,358
img_1260.jpg,640,480,tomato,344,345,382,383
img_1260.jpg,640,480,tomato,380,368,419,426
img_1260.jpg,640,480,tomato,418,374,468,432
img_1270.jpg,640,480,tomato,338,242,388,277
img_1270.jpg,640,480,tomato,410,230,447,278
img_1270.jpg,640,480,tomato,339,281,387,328
img_1270.jpg,640,480,tomato,387,282,423,324
img_1270.jpg,640,480,tomato,420,271,459,316
img_1270.jpg,640,480,tomato,356,311,394,355
img_1270.jpg,640,480,tomato,404,325,440,373
img_1270.jpg,640,480,tomato,439,307,471,360
img_1270.jpg,640,480,tomato,352,349,391,390
img_1270.jpg,640,480,tomato,397,371,435,434
img_1270.jpg,640,480,tomato,436,376,487,432
img_1280.jpg,640,480,tomato,334,244,386,282
img_1280.jpg,640,480,tomato,382,237,416,288
img_1280.jpg,640,480,tomato,415,229,451,279
img_1280.jpg,640,480,tomato,335,282,380,333
img_1280.jpg,640,480,tomato,388,282,424,328
img_1280.jpg,640,480,tomato,423,269,461,317
img_1280.jpg,640,480,tomato,357,314,400,359
img_1280.jpg,640,480,tomato,405,325,448,376
img_1280.jpg,640,480,tomato,436,311,474,360
img_1280.jpg,640,480,tomato,352,353,390,397
img_1280.jpg,640,480,tomato,396,376,435,434
img_1280.jpg,640,480,tomato,436,374,483,433
img_1290.jpg,640,480,tomato,311,245,361,288
img_1290.jpg,640,480,tomato,362,241,395,293
img_1290.jpg,640,480,tomato,395,231,433,278
img_1290.jpg,640,480,tomato,309,288,357,340
img_1290.jpg,640,480,tomato,367,284,406,331
img_1290.jpg,640,480,tomato,404,276,440,319
img_1290.jpg,640,480,tomato,340,318,384,370
img_1290.jpg,640,480,tomato,390,328,431,378
img_1290.jpg,640,480,tomato,412,311,451,357
img_1290.jpg,640,480,tomato,330,363,370,408
img_1290.jpg,640,480,tomato,378,377,421,441
img_1290.jpg,640,480,tomato,421,374,469,432
img_1300.jpg,640,480,tomato,286,247,333,292
img_1300.jpg,640,480,tomato,338,241,375,294
img_1300.jpg,640,480,tomato,375,231,412,277
img_1300.jpg,640,480,tomato,284,292,332,347
img_1300.jpg,640,480,tomato,344,286,380,335
img_1300.jpg,640,480,tomato,380,273,416,322
img_1300.jpg,640,480,tomato,325,320,363,368
img_1300.jpg,640,480,tomato,371,328,414,379
img_1300.jpg,640,480,tomato,387,310,427,354
img_1300.jpg,640,480,tomato,288,346,326,389
img_1300.jpg,640,480,tomato,310,364,353,417
img_1300.jpg,640,480,tomato,359,375,401,439
img_1300.jpg,640,480,tomato,395,374,437,426
img_1310.jpg,640,480,tomato,284,250,333,297
img_1310.jpg,640,480,tomato,332,239,371,292
img_1310.jpg,640,480,tomato,371,228,414,280
img_1310.jpg,640,480,tomato,281,296,331,355
img_1310.jpg,640,480,tomato,341,290,381,335
img_1310.jpg,640,480,tomato,376,275,410,320
img_1310.jpg,640,480,tomato,327,322,365,379
img_1310.jpg,640,480,tomato,371,329,418,375
img_1310.jpg,640,480,tomato,288,352,325,397
img_1310.jpg,640,480,tomato,311,370,354,423
img_1310.jpg,640,480,tomato,361,377,405,439
img_1310.jpg,640,480,tomato,392,371,433,424
img_1320.jpg,640,480,tomato,272,249,318,300
img_1320.jpg,640,480,tomato,319,242,356,294
img_1320.jpg,640,480,tomato,352,228,399,277
img_1320.jpg,640,480,tomato,327,287,367,333
img_1320.jpg,640,480,tomato,356,271,398,316
img_1320.jpg,640,480,tomato,268,297,320,356
img_1320.jpg,640,480,tomato,313,325,352,378
img_1320.jpg,640,480,tomato,352,329,403,376
img_1320.jpg,640,480,tomato,271,352,312,401
img_1320.jpg,640,480,tomato,302,368,340,423
img_1320.jpg,640,480,tomato,344,378,387,443
img_1320.jpg,640,480,tomato,371,372,413,420
img_1330.jpg,640,480,tomato,258,249,302,298
img_1330.jpg,640,480,tomato,304,242,342,294
img_1330.jpg,640,480,tomato,338,224,384,276
img_1330.jpg,640,480,tomato,255,300,302,357
img_1330.jpg,640,480,tomato,300,323,338,376
img_1330.jpg,640,480,tomato,313,288,352,334
img_1330.jpg,640,480,tomato,343,268,383,320
img_1330.jpg,640,480,tomato,341,330,388,377
img_1330.jpg,640,480,tomato,258,354,300,399
img_1330.jpg,640,480,tomato,287,370,325,424
img_1330.jpg,640,480,tomato,332,382,375,442
img_1330.jpg,640,480,tomato,358,370,397,421
img_1340.jpg,640,480,tomato,239,248,290,300
img_1340.jpg,640,480,tomato,289,241,327,297
img_1340.jpg,640,480,tomato,324,229,368,275
img_1340.jpg,640,480,tomato,240,299,289,356
img_1340.jpg,640,480,tomato,300,287,338,331
img_1340.jpg,640,480,tomato,327,271,363,317
img_1340.jpg,640,480,tomato,285,323,324,377
img_1340.jpg,640,480,tomato,324,326,375,373
img_1340.jpg,640,480,tomato,243,355,283,400
img_1340.jpg,640,480,tomato,270,366,315,421
img_1340.jpg,640,480,tomato,313,378,358,439
img_1340.jpg,640,480,tomato,345,370,382,417
img_1350.jpg,640,480,tomato,220,249,266,301
img_1350.jpg,640,480,tomato,264,241,306,293
img_1350.jpg,640,480,tomato,301,224,344,279
img_1350.jpg,640,480,tomato,219,299,266,359
img_1350.jpg,640,480,tomato,275,286,316,332
img_1350.jpg,640,480,tomato,305,270,340,313
img_1350.jpg,640,480,tomato,267,324,305,378
img_1350.jpg,640,480,tomato,305,324,352,372
img_1350.jpg,640,480,tomato,221,354,262,402
img_1350.jpg,640,480,tomato,253,367,292,424
img_1350.jpg,640,480,tomato,294,376,337,437
img_1350.jpg,640,480,tomato,323,366,360,420
img_1360.jpg,640,480,tomato,216,253,261,303
img_1360.jpg,640,480,tomato,261,241,302,291
img_1360.jpg,640,480,tomato,298,227,339,276
img_1360.jpg,640,480,tomato,215,301,262,361
img_1360.jpg,640,480,tomato,269,288,311,335
img_1360.jpg,640,480,tomato,300,267,337,316
img_1360.jpg,640,480,tomato,261,324,301,376
img_1360.jpg,640,480,tomato,298,322,350,372
img_1360.jpg,640,480,tomato,215,354,258,402
img_1360.jpg,640,480,tomato,248,366,291,426
img_1360.jpg,640,480,tomato,291,378,333,438
img_1360.jpg,640,480,tomato,319,366,354,416
img_1370.jpg,640,480,tomato,220,248,262,299
img_1370.jpg,640,480,tomato,263,242,302,297
img_1370.jpg,640,480,tomato,296,228,341,278
img_1370.jpg,640,480,tomato,218,299,262,359
img_1370.jpg,640,480,tomato,274,285,313,333
img_1370.jpg,640,480,tomato,297,270,335,317
img_1370.jpg,640,480,tomato,263,325,304,376
img_1370.jpg,640,480,tomato,301,324,350,372
img_1370.jpg,640,480,tomato,219,354,259,404
img_1370.jpg,640,480,tomato,247,366,292,424
img_1370.jpg,640,480,tomato,294,376,336,439
img_1370.jpg,640,480,tomato,314,367,352,415
img_1380.jpg,640,480,tomato,221,250,265,301
img_1380.jpg,640,480,tomato,269,243,305,293
img_1380.jpg,640,480,tomato,305,227,347,279
img_1380.jpg,640,480,tomato,218,297,266,354
img_1380.jpg,640,480,tomato,280,288,317,335
img_1380.jpg,640,480,tomato,309,275,340,318
img_1380.jpg,640,480,tomato,266,325,304,380
img_1380.jpg,640,480,tomato,307,327,354,372
img_1380.jpg,640,480,tomato,225,354,262,398
img_1380.jpg,640,480,tomato,253,367,292,422
img_1380.jpg,640,480,tomato,297,376,341,436
img_1380.jpg,640,480,tomato,326,368,365,420
img_1390.jpg,640,480,tomato,222,250,269,295
img_1390.jpg,640,480,tomato,271,241,309,292
img_1390.jpg,640,480,tomato,309,227,347,279
img_1390.jpg,640,480,tomato,219,294,268,356
img_1390.jpg,640,480,tomato,281,287,318,335
img_1390.jpg,640,480,tomato,314,274,347,320
img_1390.jpg,640,480,tomato,263,322,299,376
img_1390.jpg,640,480,tomato,306,328,353,376
img_1390.jpg,640,480,tomato,227,350,265,398
img_1390.jpg,640,480,tomato,250,366,292,421
img_1390.jpg,640,480,tomato,296,377,342,443
img_1390.jpg,640,480,tomato,332,375,375,423
img_1400.jpg,640,480,tomato,239,249,291,299
img_1400.jpg,640,480,tomato,289,245,332,300
img_1400.jpg,640,480,tomato,328,232,368,282
img_1400.jpg,640,480,tomato,237,294,287,352
img_1400.jpg,640,480,tomato,302,291,336,338
img_1400.jpg,640,480,tomato,332,275,371,322
img_1400.jpg,640,480,tomato,275,325,318,376
img_1400.jpg,640,480,tomato,324,332,371,387
img_1400.jpg,640,480,tomato,347,317,382,363
img_1400.jpg,640,480,tomato,247,353,279,393
img_1400.jpg,640,480,tomato,265,373,311,422
img_1400.jpg,640,480,tomato,317,384,359,451
img_1400.jpg,640,480,tomato,352,379,399,432
img_1410.jpg,640,480,tomato,265,249,319,294
img_1410.jpg,640,480,tomato,318,245,356,298
img_1410.jpg,640,480,tomato,354,232,394,288
img_1410.jpg,640,480,tomato,267,297,316,353
img_1410.jpg,640,480,tomato,325,289,367,342
img_1410.jpg,640,480,tomato,367,277,402,328
img_1410.jpg,640,480,tomato,300,325,341,374
img_1410.jpg,640,480,tomato,350,333,395,385
img_1410.jpg,640,480,tomato,378,317,412,365
img_1410.jpg,640,480,tomato,286,372,326,420
img_1410.jpg,640,480,tomato,342,387,388,451
img_1410.jpg,640,480,tomato,383,382,433,441
img_1420.jpg,640,480,tomato,281,246,335,290
img_1420.jpg,640,480,tomato,332,242,370,295
img_1420.jpg,640,480,tomato,368,232,407,278
img_1420.jpg,640,480,tomato,281,292,332,344
img_1420.jpg,640,480,tomato,341,292,380,334
img_1420.jpg,640,480,tomato,378,273,416,324
img_1420.jpg,640,480,tomato,310,322,353,371
img_1420.jpg,640,480,tomato,362,333,407,389
img_1420.jpg,640,480,tomato,387,315,427,363
img_1420.jpg,640,480,tomato,304,367,344,417
img_1420.jpg,640,480,tomato,353,384,392,450
img_1420.jpg,640,480,tomato,391,383,442,440
img_1430.jpg,640,480,tomato,311,245,362,290
img_1430.jpg,640,480,tomato,364,240,402,295
img_1430.jpg,640,480,tomato,399,233,436,282
img_1430.jpg,640,480,tomato,312,290,362,340
img_1430.jpg,640,480,tomato,371,286,408,336
img_1430.jpg,640,480,tomato,405,274,443,322
img_1430.jpg,640,480,tomato,342,322,384,372
img_1430.jpg,640,480,tomato,389,331,436,381
img_1430.jpg,640,480,tomato,418,314,455,366
img_1430.jpg,640,480,tomato,334,364,372,408
img_1430.jpg,640,480,tomato,382,380,421,445
img_1430.jpg,640,480,tomato,423,381,474,436
img_1440.jpg,640,480,tomato,341,246,390,288
img_1440.jpg,640,480,tomato,393,239,427,292
img_1440.jpg,640,480,tomato,427,232,463,281
img_1440.jpg,640,480,tomato,339,288,387,337
img_1440.jpg,640,480,tomato,397,284,437,334
img_1440.jpg,640,480,tomato,433,275,472,325
img_1440.jpg,640,480,tomato,367,318,410,367
img_1440.jpg,640,480,tomato,418,331,464,383
img_1440.jpg,640,480,tomato,448,311,485,365
img_1440.jpg,640,480,tomato,360,361,398,405
img_1440.jpg,640,480,tomato,410,378,451,445
img_1440.jpg,640,480,tomato,451,380,502,439
img_1450.jpg,640,480,tomato,356,241,406,284
img_1450.jpg,640,480,tomato,404,238,444,290
img_1450.jpg,640,480,tomato,440,230,480,282
img_1450.jpg,640,480,tomato,354,285,404,340
img_1450.jpg,640,480,tomato,411,285,452,334
img_1450.jpg,640,480,tomato,447,274,486,323
img_1450.jpg,640,480,tomato,381,319,425,368
img_1450.jpg,640,480,tomato,431,328,476,383
img_1450.jpg,640,480,tomato,461,310,498,364
img_1450.jpg,640,480,tomato,375,359,414,405
img_1450.jpg,640,480,tomato,423,378,462,443
img_1450.jpg,640,480,tomato,457,378,515,441
img_1460.jpg,640,480,tomato,378,244,429,286
img_1460.jpg,640,480,tomato,427,240,462,288
img_1460.jpg,640,480,tomato,463,227,500,278
img_1460.jpg,640,480,tomato,377,284,423,338
img_1460.jpg,640,480,tomato,436,282,472,328
img_1460.jpg,640,480,tomato,468,274,508,318
img_1460.jpg,640,480,tomato,406,317,448,365
img_1460.jpg,640,480,tomato,454,326,497,380
img_1460.jpg,640,480,tomato,479,311,521,362
img_1460.jpg,640,480,tomato,395,359,438,406
img_1460.jpg,640,480,tomato,446,378,485,441
img_1460.jpg,640,480,tomato,487,378,535,433
img_1470.jpg,640,480,tomato,421,241,467,284
img_1470.jpg,640,480,tomato,468,236,512,288
img_1470.jpg,640,480,tomato,511,228,555,280
img_1470.jpg,640,480,tomato,414,287,468,339
img_1470.jpg,640,480,tomato,478,284,522,328
img_1470.jpg,640,480,tomato,511,275,554,318
img_1470.jpg,640,480,tomato,454,318,503,367
img_1470.jpg,640,480,tomato,502,325,554,374
img_1470.jpg,640,480,tomato,436,359,494,410
img_1470.jpg,640,480,tomato,489,376,541,436
img_1470.jpg,640,480,tomato,532,373,579,425
img_1480.jpg,640,480,tomato,468,241,511,293
img_1480.jpg,640,480,tomato,509,236,550,288
img_1480.jpg,640,480,tomato,546,222,597,275
img_1480.jpg,640,480,tomato,461,288,507,348
img_1480.jpg,640,480,tomato,519,277,563,326
img_1480.jpg,640,480,tomato,549,265,587,313
img_1480.jpg,640,480,tomato,506,318,547,370
img_1480.jpg,640,480,tomato,545,322,598,368
img_1480.jpg,640,480,tomato,461,340,500,391
img_1480.jpg,640,480,tomato,489,358,531,414
img_1480.jpg,640,480,tomato,532,365,580,434
img_1480.jpg,640,480,tomato,560,362,603,419
img_1490.jpg,640,480,tomato,472,245,514,290
img_1490.jpg,640,480,tomato,514,236,555,288
img_1490.jpg,640,480,tomato,554,224,599,277
img_1490.jpg,640,480,tomato,468,290,513,348
img_1490.jpg,640,480,tomato,521,283,565,326
img_1490.jpg,640,480,tomato,556,269,588,313
img_1490.jpg,640,480,tomato,512,316,551,368
img_1490.jpg,640,480,tomato,552,323,601,370
img_1490.jpg,640,480,tomato,464,346,504,388
img_1490.jpg,640,480,tomato,494,361,539,412
img_1490.jpg,640,480,tomato,540,375,584,433
img_1490.jpg,640,480,tomato,561,365,601,418
img_1500.jpg,640,480,tomato,458,245,504,292
img_1500.jpg,640,480,tomato,506,241,546,289
img_1500.jpg,640,480,tomato,543,226,594,278
img_1500.jpg,640,480,tomato,456,293,504,349
img_1500.jpg,640,480,tomato,517,283,558,331
img_1500.jpg,640,480,tomato,546,269,582,315
img_1500.jpg,640,480,tomato,500,320,544,370
img_1500.jpg,640,480,tomato,545,325,596,373
img_1500.jpg,640,480,tomato,453,346,498,391
img_1500.jpg,640,480,tomato,483,367,529,418
img_1500.jpg,640,480,tomato,532,376,582,434
img_1510.jpg,640,480,tomato,420,245,468,292
img_1510.jpg,640,480,tomato,471,241,511,289
img_1510.jpg,640,480,tomato,511,228,554,279
img_1510.jpg,640,480,tomato,416,289,467,345
img_1510.jpg,640,480,tomato,478,288,519,333
img_1510.jpg,640,480,tomato,515,273,553,325
img_1510.jpg,640,480,tomato,457,324,498,374
img_1510.jpg,640,480,tomato,507,331,556,378
img_1510.jpg,640,480,tomato,420,340,457,387
img_1510.jpg,640,480,tomato,443,366,485,417
img_1510.jpg,640,480,tomato,491,380,539,442
img_1510.jpg,640,480,tomato,532,377,576,430
img_1520.jpg,640,480,tomato,386,245,442,288
img_1520.jpg,640,480,tomato,442,241,482,292
img_1520.jpg,640,480,tomato,481,232,523,282
img_1520.jpg,640,480,tomato,387,290,438,344
img_1520.jpg,640,480,tomato,453,289,490,333
img_1520.jpg,640,480,tomato,490,275,527,326
img_1520.jpg,640,480,tomato,420,320,463,371
img_1520.jpg,640,480,tomato,475,333,519,385
img_1520.jpg,640,480,tomato,500,316,539,369
img_1520.jpg,640,480,tomato,407,365,447,411
img_1520.jpg,640,480,tomato,457,384,505,451
img_1520.jpg,640,480,tomato,504,387,553,445
img_1530.jpg,640,480,tomato,376,246,429,286
img_1530.jpg,640,480,tomato,427,239,467,294
img_1530.jpg,640,480,tomato,463,232,505,280
img_1530.jpg,640,480,tomato,373,288,423,339
img_1530.jpg,640,480,tomato,432,288,472,335
img_1530.jpg,640,480,tomato,471,273,511,326
img_1530.jpg,640,480,tomato,400,324,442,369
img_1530.jpg,640,480,tomato,455,331,498,387
img_1530.jpg,640,480,tomato,483,316,522,372
img_1530.jpg,640,480,tomato,397,361,436,407
img_1530.jpg,640,480,tomato,444,385,487,448
img_1530.jpg,640,480,tomato,485,386,539,446
img_1540.jpg,640,480,tomato,367,246,422,286
img_1540.jpg,640,480,tomato,417,240,456,294
img_1540.jpg,640,480,tomato,451,231,490,284
img_1540.jpg,640,480,tomato,367,287,417,338
img_1540.jpg,640,480,tomato,420,290,463,339
img_1540.jpg,640,480,tomato,461,278,500,325
img_1540.jpg,640,480,tomato,390,320,435,367
img_1540.jpg,640,480,tomato,444,335,490,388
img_1540.jpg,640,480,tomato,477,314,513,367
img_1540.jpg,640,480,tomato,383,363,425,407
img_1540.jpg,640,480,tomato,431,382,472,449
img_1540.jpg,640,480,tomato,474,384,527,450
img_1550.jpg,640,480,tomato,360,243,414,284
img_1550.jpg,640,480,tomato,410,238,442,292
img_1550.jpg,640,480,tomato,438,232,477,282
img_1550.jpg,640,480,tomato,359,287,409,337
img_1550.jpg,640,480,tomato,409,289,448,335
img_1550.jpg,640,480,tomato,446,277,489,323
img_1550.jpg,640,480,tomato,379,319,419,363
img_1550.jpg,640,480,tomato,431,333,472,387
img_1550.jpg,640,480,tomato,460,317,501,370
img_1550.jpg,640,480,tomato,371,358,412,402
img_1550.jpg,640,480,tomato,418,381,457,446
img_1550.jpg,640,480,tomato,460,388,512,447
img_1560.jpg,640,480,tomato,352,240,408,282
img_1560.jpg,640,480,tomato,399,239,432,288
img_1560.jpg,640,480,tomato,427,233,464,283
img_1560.jpg,640,480,tomato,354,285,401,331
img_1560.jpg,640,480,tomato,400,288,438,333
img_1560.jpg,640,480,tomato,437,275,477,325
img_1560.jpg,640,480,tomato,368,316,412,360
img_1560.jpg,640,480,tomato,417,332,457,382
img_1560.jpg,640,480,tomato,454,317,492,369
img_1560.jpg,640,480,tomato,367,354,406,401
img_1560.jpg,640,480,tomato,410,380,449,444
img_1560.jpg,640,480,tomato,450,384,504,444
img_1570.jpg,640,480,tomato,347,241,401,279
img_1570.jpg,640,480,tomato,392,239,423,286
img_1570.jpg,640,480,tomato,414,232,452,284
img_1570.jpg,640,480,tomato,350,281,398,331
img_1570.jpg,640,480,tomato,393,286,431,331
img_1570.jpg,640,480,tomato,427,273,470,322
img_1570.jpg,640,480,tomato,362,313,403,356
img_1570.jpg,640,480,tomato,406,329,446,378
img_1570.jpg,640,480,tomato,444,318,480,371
img_1570.jpg,640,480,tomato,361,352,401,394
img_1570.jpg,640,480,tomato,399,377,438,439
img_1570.jpg,640,480,tomato,439,386,491,448
img_1580.jpg,640,480,tomato,342,239,392,278
img_1580.jpg,640,480,tomato,398,231,445,278
img_1580.jpg,640,480,tomato,342,282,387,323
img_1580.jpg,640,480,tomato,382,284,420,326
img_1580.jpg,640,480,tomato,413,274,455,323
img_1580.jpg,640,480,tomato,346,311,391,349
img_1580.jpg,640,480,tomato,395,327,430,375
img_1580.jpg,640,480,tomato,430,312,470,366
img_1580.jpg,640,480,tomato,353,347,393,392
img_1580.jpg,640,480,tomato,384,375,426,433
img_1580.jpg,640,480,tomato,427,378,477,444
img_1590.jpg,640,480,tomato,340,240,390,275
img_1590.jpg,640,480,tomato,397,231,438,280
img_1590.jpg,640,480,tomato,340,279,386,326
img_1590.jpg,640,480,tomato,381,284,415,327
img_1590.jpg,640,480,tomato,412,274,454,320
img_1590.jpg,640,480,tomato,348,314,393,352
img_1590.jpg,640,480,tomato,393,324,431,378
img_1590.jpg,640,480,tomato,428,312,466,373
img_1590.jpg,640,480,tomato,352,344,391,390
img_1590.jpg,640,480,tomato,388,372,429,438
img_1590.jpg,640,480,tomato,428,379,476,441
img_1600.jpg,640,480,tomato,339,238,396,278
img_1600.jpg,640,480,tomato,396,229,441,279
img_1600.jpg,640,480,tomato,342,278,389,326
img_1600.jpg,640,480,tomato,382,284,420,329
img_1600.jpg,640,480,tomato,411,275,457,321
img_1600.jpg,640,480,tomato,348,311,396,353
img_1600.jpg,640,480,tomato,390,325,431,377
img_1600.jpg,640,480,tomato,429,314,466,374
img_1600.jpg,640,480,tomato,356,350,396,391
img_1600.jpg,640,480,tomato,387,373,431,436
img_1600.jpg,640,480,tomato,426,379,477,447
img_1610.jpg,640,480,tomato,353,241,410,283
img_1610.jpg,640,480,tomato,426,234,470,284
img_1610.jpg,640,480,tomato,358,285,405,333
img_1610.jpg,640,480,tomato,404,287,448,333
img_1610.jpg,640,480,tomato,437,278,484,325
img_1610.jpg,640,480,tomato,374,317,418,363
img_1610.jpg,640,480,tomato,419,329,460,386
img_1610.jpg,640,480,tomato,462,322,497,377
img_1610.jpg,640,480,tomato,367,358,411,400
img_1610.jpg,640,480,tomato,411,382,456,444
img_1610.jpg,640,480,tomato,455,388,506,451
img_1620.jpg,640,480,tomato,371,246,426,287
img_1620.jpg,640,480,tomato,422,242,458,294
img_1620.jpg,640,480,tomato,452,232,494,284
img_1620.jpg,640,480,tomato,369,289,419,341
img_1620.jpg,640,480,tomato,422,291,467,336
img_1620.jpg,640,480,tomato,463,275,506,325
img_1620.jpg,640,480,tomato,390,322,439,367
img_1620.jpg,640,480,tomato,441,334,491,389
img_1620.jpg,640,480,tomato,478,317,518,373
img_1620.jpg,640,480,tomato,384,364,427,406
img_1620.jpg,640,480,tomato,433,383,477,449
img_1620.jpg,640,480,tomato,478,386,532,452
img_1630.jpg,640,480,tomato,389,247,445,290
img_1630.jpg,640,480,tomato,445,241,486,297
img_1630.jpg,640,480,tomato,485,231,526,284
img_1630.jpg,640,480,tomato,390,294,440,346
img_1630.jpg,640,480,tomato,452,290,493,339
img_1630.jpg,640,480,tomato,489,282,532,329
img_1630.jpg,640,480,tomato,418,322,467,373
img_1630.jpg,640,480,tomato,470,337,522,392
img_1630.jpg,640,480,tomato,497,318,541,372
img_1630.jpg,640,480,tomato,407,366,456,413
img_1630.jpg,640,480,tomato,458,387,508,454
img_1630.jpg,640,480,tomato,506,389,561,450
img_1640.jpg,640,480,tomato,414,246,467,295
img_1640.jpg,640,480,tomato,470,241,511,293
img_1640.jpg,640,480,tomato,511,230,553,286
img_1640.jpg,640,480,tomato,411,293,463,347
img_1640.jpg,640,480,tomato,477,291,518,343
img_1640.jpg,640,480,tomato,517,282,555,330
img_1640.jpg,640,480,tomato,450,325,496,377
img_1640.jpg,640,480,tomato,500,337,552,388
img_1640.jpg,640,480,tomato,525,318,566,367
img_1640.jpg,640,480,tomato,436,367,478,421
img_1640.jpg,640,480,tomato,488,388,536,458
img_1640.jpg,640,480,tomato,529,386,580,444
img_1650.jpg,640,480,tomato,428,246,479,292
img_1650.jpg,640,480,tomato,485,240,525,296
img_1650.jpg,640,480,tomato,523,230,569,283
img_1650.jpg,640,480,tomato,426,293,477,351
img_1650.jpg,640,480,tomato,487,288,533,339
img_1650.jpg,640,480,tomato,532,278,570,324
img_1650.jpg,640,480,tomato,466,326,509,378
img_1650.jpg,640,480,tomato,515,336,570,390
img_1650.jpg,640,480,tomato,534,317,579,367
img_1650.jpg,640,480,tomato,430,349,472,392
img_1650.jpg,640,480,tomato,451,372,495,420
img_1650.jpg,640,480,tomato,504,387,552,455
img_1650.jpg,640,480,tomato,547,385,595,443
img_1660.jpg,640,480,tomato,432,244,485,293
img_1660.jpg,640,480,tomato,489,241,529,295
img_1660.jpg,640,480,tomato,529,226,573,280
img_1660.jpg,640,480,tomato,429,293,482,350
img_1660.jpg,640,480,tomato,495,288,537,337
img_1660.jpg,640,480,tomato,533,278,573,327
img_1660.jpg,640,480,tomato,474,322,515,377
img_1660.jpg,640,480,tomato,522,338,576,386
img_1660.jpg,640,480,tomato,541,316,582,366
img_1660.jpg,640,480,tomato,435,347,477,393
img_1660.jpg,640,480,tomato,458,368,501,425
img_1660.jpg,640,480,tomato,512,388,555,451
img_1660.jpg,640,480,tomato,547,383,596,441
img_1670.jpg,640,480,tomato,422,246,471,291
img_1670.jpg,640,480,tomato,475,240,519,297
img_1670.jpg,640,480,tomato,519,227,562,282
img_1670.jpg,640,480,tomato,418,295,471,350
img_1670.jpg,640,480,tomato,485,291,523,338
img_1670.jpg,640,480,tomato,521,279,562,327
img_1670.jpg,640,480,tomato,457,324,503,380
img_1670.jpg,640,480,tomato,507,335,562,388
img_1670.jpg,640,480,tomato,532,316,572,365
img_1670.jpg,640,480,tomato,425,352,460,392
img_1670.jpg,640,480,tomato,441,372,488,426
img_1670.jpg,640,480,tomato,495,388,543,457
img_1670.jpg,640,480,tomato,538,388,586,444
img_1680.jpg,640,480,tomato,407,246,462,291
img_1680.jpg,640,480,tomato,464,244,508,297
img_1680.jpg,640,480,tomato,507,231,546,288
img_1680.jpg,640,480,tomato,403,293,454,353
img_1680.jpg,640,480,tomato,469,289,510,343
img_1680.jpg,640,480,tomato,507,280,550,333
img_1680.jpg,640,480,tomato,443,326,487,378
img_1680.jpg,640,480,tomato,496,339,543,392
img_1680.jpg,640,480,tomato,515,322,559,374
img_1680.jpg,640,480,tomato,410,347,448,393
img_1680.jpg,640,480,tomato,428,371,476,424
img_1680.jpg,640,480,tomato,482,388,527,457
img_1680.jpg,640,480,tomato,523,389,574,447
img_1690.jpg,640,480,tomato,390,248,444,293
img_1690.jpg,640,480,tomato,445,242,485,298
img_1690.jpg,640,480,tomato,485,231,527,287
img_1690.jpg,640,480,tomato,385,293,440,355
img_1690.jpg,640,480,tomato,456,293,492,346
img_1690.jpg,640,480,tomato,490,282,532,329
img_1690.jpg,640,480,tomato,425,325,471,377
img_1690.jpg,640,480,tomato,396,348,430,392
img_1690.jpg,640,480,tomato,410,373,457,425
img_1690.jpg,640,480,tomato,472,341,526,394
img_1690.jpg,640,480,tomato,503,322,544,370
img_1690.jpg,640,480,tomato,462,392,511,457
img_1690.jpg,640,480,tomato,509,389,558,451
img_1700.jpg,640,480,tomato,355,251,411,297
img_1700.jpg,640,480,tomato,409,241,453,298
img_1700.jpg,640,480,tomato,453,235,492,290
img_1700.jpg,640,480,tomato,355,297,404,355
img_1700.jpg,640,480,tomato,415,293,458,343
img_1700.jpg,640,480,tomato,458,281,496,334
img_1700.jpg,640,480,tomato,387,330,434,377
img_1700.jpg,640,480,tomato,444,343,494,395
img_1700.jpg,640,480,tomato,470,321,506,371
img_1700.jpg,640,480,tomato,363,352,399,398
img_1700.jpg,640,480,tomato,377,375,424,430
img_1700.jpg,640,480,tomato,431,396,477,459
img_1700.jpg,640,480,tomato,473,396,523,451
img_1710.jpg,640,480,tomato,293,251,349,298
img_1710.jpg,640,480,tomato,348,248,391,300
img_1710.jpg,640,480,tomato,392,236,433,287
img_1710.jpg,640,480,tomato,287,300,346,358
img_1710.jpg,640,480,tomato,356,297,399,343
img_1710.jpg,640,480,tomato,397,285,434,329
img_1710.jpg,640,480,tomato,327,332,378,381
img_1710.jpg,640,480,tomato,378,341,428,394
img_1710.jpg,640,480,tomato,409,321,452,370
img_1710.jpg,640,480,tomato,316,380,362,428
img_1710.jpg,640,480,tomato,368,396,415,459
img_1710.jpg,640,480,tomato,413,393,464,448
img_1720.jpg,640,480,tomato,245,248,304,297
img_1720.jpg,640,480,tomato,301,245,345,302
img_1720.jpg,640,480,tomato,341,233,381,288
img_1720.jpg,640,480,tomato,249,299,300,357
img_1720.jpg,640,480,tomato,310,295,349,344
img_1720.jpg,640,480,tomato,348,280,386,332
img_1720.jpg,640,480,tomato,281,331,329,381
img_1720.jpg,640,480,tomato,336,341,379,392
img_1720.jpg,640,480,tomato,361,318,399,370
img_1720.jpg,640,480,tomato,281,372,325,428
img_1720.jpg,640,480,tomato,326,393,369,455
img_1720.jpg,640,480,tomato,368,386,411,445
img_1730.jpg,640,480,tomato,222,251,277,294
img_1730.jpg,640,480,tomato,278,243,316,299
img_1730.jpg,640,480,tomato,313,236,350,283
img_1730.jpg,640,480,tomato,222,297,274,350
img_1730.jpg,640,480,tomato,286,292,322,338
img_1730.jpg,640,480,tomato,321,280,356,325
img_1730.jpg,640,480,tomato,254,329,298,380
img_1730.jpg,640,480,tomato,309,336,351,387
img_1730.jpg,640,480,tomato,334,316,369,367
img_1730.jpg,640,480,tomato,247,372,286,422
img_1730.jpg,640,480,tomato,300,387,337,455
img_1730.jpg,640,480,tomato,340,384,386,442
img_1740.jpg,640,480,tomato,219,248,271,294
img_1740.jpg,640,480,tomato,272,245,309,298
img_1740.jpg,640,480,tomato,307,235,345,290
img_1740.jpg,640,480,tomato,218,299,266,353
img_1740.jpg,640,480,tomato,279,292,316,338
img_1740.jpg,640,480,tomato,313,283,352,327
img_1740.jpg,640,480,tomato,250,327,292,379
img_1740.jpg,640,480,tomato,303,337,347,389
img_1740.jpg,640,480,tomato,327,319,364,367
img_1740.jpg,640,480,tomato,240,373,284,423
img_1740.jpg,640,480,tomato,294,388,334,451
img_1740.jpg,640,480,tomato,331,384,382,441
img_1750.jpg,640,480,tomato,197,251,249,296
img_1750.jpg,640,480,tomato,251,243,290,297
img_1750.jpg,640,480,tomato,289,236,326,288
img_1750.jpg,640,480,tomato,261,293,300,340
img_1750.jpg,640,480,tomato,198,297,248,352
img_1750.jpg,640,480,tomato,298,281,335,326
img_1750.jpg,640,480,tomato,282,337,324,388
img_1750.jpg,640,480,tomato,313,318,346,367
img_1750.jpg,640,480,tomato,221,375,259,422
img_1750.jpg,640,480,tomato,274,389,312,454
img_1750.jpg,640,480,tomato,313,385,361,443
img_1760.jpg,640,480,tomato,168,253,224,299
img_1760.jpg,640,480,tomato,223,247,263,301
img_1760.jpg,640,480,tomato,259,237,301,286
img_1760.jpg,640,480,tomato,166,298,221,354
img_1760.jpg,640,480,tomato,227,297,269,346
img_1760.jpg,640,480,tomato,266,280,307,327
img_1760.jpg,640,480,tomato,197,331,246,378
img_1760.jpg,640,480,tomato,252,338,300,391
img_1760.jpg,640,480,tomato,281,316,320,369
img_1760.jpg,640,480,tomato,191,377,231,428
img_1760.jpg,640,480,tomato,246,389,288,457
img_1760.jpg,640,480,tomato,288,386,335,442
img_1770.jpg,640,480,tomato,133,253,191,298
img_1770.jpg,640,480,tomato,190,247,224,301
img_1770.jpg,640,480,tomato,223,236,264,288
img_1770.jpg,640,480,tomato,137,301,185,355
img_1770.jpg,640,480,tomato,198,296,239,344
img_1770.jpg,640,480,tomato,236,284,274,327
img_1770.jpg,640,480,tomato,163,331,211,380
img_1770.jpg,640,480,tomato,218,338,263,388
img_1770.jpg,640,480,tomato,251,318,289,370
img_1770.jpg,640,480,tomato,156,377,200,426
img_1770.jpg,640,480,tomato,210,389,251,457
img_1770.jpg,640,480,tomato,251,387,305,446
img_1780.jpg,640,480,tomato,113,253,173,300
img_1780.jpg,640,480,tomato,169,249,206,301
img_1780.jpg,640,480,tomato,201,236,243,292
img_1780.jpg,640,480,tomato,116,299,167,353
img_1780.jpg,640,480,tomato,172,296,217,345
img_1780.jpg,640,480,tomato,213,282,253,329
img_1780.jpg,640,480,tomato,140,331,186,379
img_1780.jpg,640,480,tomato,195,341,244,393
img_1780.jpg,640,480,tomato,229,316,267,371
img_1780.jpg,640,480,tomato,134,378,178,422
img_1780.jpg,640,480,tomato,184,393,231,458
img_1780.jpg,640,480,tomato,233,389,286,447
img_1790.jpg,640,480,tomato,90,250,151,296
img_1790.jpg,640,480,tomato,146,246,182,300
img_1790.jpg,640,480,tomato,173,240,214,289
img_1790.jpg,640,480,tomato,101,297,152,348
img_1790.jpg,640,480,tomato,148,296,187,340
img_1790.jpg,640,480,tomato,185,282,228,328
img_1790.jpg,640,480,tomato,115,329,161,378
img_1790.jpg,640,480,tomato,166,339,211,393
img_1790.jpg,640,480,tomato,205,320,242,375
img_1790.jpg,640,480,tomato,114,372,158,420
img_1790.jpg,640,480,tomato,161,391,205,458
img_1790.jpg,640,480,tomato,204,389,256,449
img_1800.jpg,640,480,tomato,86,249,150,291
img_1800.jpg,640,480,tomato,141,245,173,299
img_1800.jpg,640,480,tomato,163,239,205,292
img_1800.jpg,640,480,tomato,94,294,148,346
img_1800.jpg,640,480,tomato,142,296,185,344
img_1800.jpg,640,480,tomato,179,277,223,331
img_1800.jpg,640,480,tomato,107,328,153,374
img_1800.jpg,640,480,tomato,161,337,203,396
img_1800.jpg,640,480,tomato,199,318,238,376
img_1800.jpg,640,480,tomato,112,371,153,417
img_1800.jpg,640,480,tomato,155,392,197,457
img_1800.jpg,640,480,tomato,200,389,251,448
img_1810.jpg,640,480,tomato,91,251,152,293
img_1810.jpg,640,480,tomato,165,241,211,293
img_1810.jpg,640,480,tomato,97,295,150,348
img_1810.jpg,640,480,tomato,146,297,187,340
img_1810.jpg,640,480,tomato,184,282,228,331
img_1810.jpg,640,480,tomato,112,329,161,377
img_1810.jpg,640,480,tomato,165,339,207,394
img_1810.jpg,640,480,tomato,204,322,242,378
img_1810.jpg,640,480,tomato,115,371,159,417
img_1810.jpg,640,480,tomato,158,391,200,456
img_1810.jpg,640,480,tomato,202,391,256,451
img_1820.jpg,640,480,tomato,127,248,184,296
img_1820.jpg,640,480,tomato,182,250,221,301
img_1820.jpg,640,480,tomato,215,236,257,288
img_1820.jpg,640,480,tomato,134,295,184,352
img_1820.jpg,640,480,tomato,190,294,231,343
img_1820.jpg,640,480,tomato,228,278,269,327
img_1820.jpg,640,480,tomato,157,327,201,378
img_1820.jpg,640,480,tomato,209,339,258,390
img_1820.jpg,640,480,tomato,246,317,282,368
img_1820.jpg,640,480,tomato,152,374,195,423
img_1820.jpg,640,480,tomato,202,389,242,454
img_1820.jpg,640,480,tomato,243,387,296,444
img_1830.jpg,640,480,tomato,165,251,221,298
img_1830.jpg,640,480,tomato,221,245,258,295
img_1830.jpg,640,480,tomato,257,235,292,282
img_1830.jpg,640,480,tomato,166,297,218,354
img_1830.jpg,640,480,tomato,230,289,266,337
img_1830.jpg,640,480,tomato,263,275,301,323
img_1830.jpg,640,480,tomato,203,325,243,378
img_1830.jpg,640,480,tomato,254,333,295,380
img_1830.jpg,640,480,tomato,279,316,314,365
img_1830.jpg,640,480,tomato,192,374,234,421
img_1830.jpg,640,480,tomato,249,381,285,446
img_1830.jpg,640,480,tomato,284,380,329,431
img_1840.jpg,640,480,tomato,181,249,235,295
img_1840.jpg,640,480,tomato,237,241,277,295
img_1840.jpg,640,480,tomato,275,234,309,283
img_1840.jpg,640,480,tomato,187,292,231,353
img_1840.jpg,640,480,tomato,244,284,282,335
img_1840.jpg,640,480,tomato,280,276,318,322
img_1840.jpg,640,480,tomato,193,353,225,396
img_1840.jpg,640,480,tomato,221,328,264,378
img_1840.jpg,640,480,tomato,271,331,313,376
img_1840.jpg,640,480,tomato,283,313,326,355
img_1840.jpg,640,480,tomato,208,371,249,419
img_1840.jpg,640,480,tomato,258,378,303,447
img_1840.jpg,640,480,tomato,300,377,344,426
img_1850.jpg,640,480,tomato,200,246,251,292
img_1850.jpg,640,480,tomato,259,240,292,292
img_1850.jpg,640,480,tomato,289,227,329,279
img_1850.jpg,640,480,tomato,201,294,251,356
img_1850.jpg,640,480,tomato,259,288,298,331
img_1850.jpg,640,480,tomato,297,275,332,318
img_1850.jpg,640,480,tomato,244,323,280,374
img_1850.jpg,640,480,tomato,289,329,333,376
img_1850.jpg,640,480,tomato,307,310,341,351
img_1850.jpg,640,480,tomato,213,350,247,393
img_1850.jpg,640,480,tomato,231,367,270,418
img_1850.jpg,640,480,tomato,279,377,326,440
img_1850.jpg,640,480,tomato,317,374,361,424
img_1860.jpg,640,480,tomato,225,247,274,294
img_1860.jpg,640,480,tomato,275,238,313,290
img_1860.jpg,640,480,tomato,310,225,350,275
img_1860.jpg,640,480,tomato,224,295,271,351
img_1860.jpg,640,480,tomato,281,283,324,333
img_1860.jpg,640,480,tomato,314,269,350,317
img_1860.jpg,640,480,tomato,268,321,303,371
img_1860.jpg,640,480,tomato,309,325,359,369
img_1860.jpg,640,480,tomato,324,306,362,347
img_1860.jpg,640,480,tomato,228,349,268,388
img_1860.jpg,640,480,tomato,253,365,295,418
img_1860.jpg,640,480,tomato,302,374,345,434
img_1860.jpg,640,480,tomato,335,369,377,418
img_1870.jpg,640,480,tomato,254,246,301,290
img_1870.jpg,640,480,tomato,297,239,336,287
img_1870.jpg,640,480,tomato,332,226,375,275
img_1870.jpg,640,480,tomato,253,294,298,350
img_1870.jpg,640,480,tomato,307,279,349,325
img_1870.jpg,640,480,tomato,337,268,373,312
img_1870.jpg,640,480,tomato,294,318,335,368
img_1870.jpg,640,480,tomato,335,322,384,364
img_1870.jpg,640,480,tomato,253,344,295,389
img_1870.jpg,640,480,tomato,283,357,323,413
img_1870.jpg,640,480,tomato,326,370,369,426
img_1870.jpg,640,480,tomato,352,361,389,407
img_1880.jpg,640,480,tomato,253,245,297,292
img_1880.jpg,640,480,tomato,298,235,333,287
img_1880.jpg,640,480,tomato,335,225,375,275
img_1880.jpg,640,480,tomato,253,295,297,346
img_1880.jpg,640,480,tomato,304,279,343,326
img_1880.jpg,640,480,tomato,336,267,371,313
img_1880.jpg,640,480,tomato,296,316,334,366
img_1880.jpg,640,480,tomato,333,323,380,367
img_1880.jpg,640,480,tomato,258,344,294,390
img_1880.jpg,640,480,tomato,283,359,322,415
img_1880.jpg,640,480,tomato,324,367,365,427
img_1880.jpg,640,480,tomato,350,357,388,411
img_1890.jpg,640,480,tomato,244,247,289,294
img_1890.jpg,640,480,tomato,292,239,328,290
img_1890.jpg,640,480,tomato,327,226,370,272
img_1890.jpg,640,480,tomato,243,294,287,350
img_1890.jpg,640,480,tomato,301,284,339,331
img_1890.jpg,640,480,tomato,329,269,365,317
img_1890.jpg,640,480,tomato,286,321,323,368
img_1890.jpg,640,480,tomato,326,327,371,371
img_1890.jpg,640,480,tomato,247,346,285,389
img_1890.jpg,640,480,tomato,272,365,313,415
img_1890.jpg,640,480,tomato,319,374,358,431
img_1890.jpg,640,480,tomato,352,372,387,416
img_1900.jpg,640,480,tomato,224,247,274,291
img_1900.jpg,640,480,tomato,277,241,313,292
img_1900.jpg,640,480,tomato,313,229,350,279
img_1900.jpg,640,480,tomato,223,291,271,350
img_1900.jpg,640,480,tomato,283,284,321,335
img_1900.jpg,640,480,tomato,318,274,353,318
img_1900.jpg,640,480,tomato,262,322,302,368
img_1900.jpg,640,480,tomato,311,328,352,374
img_1900.jpg,640,480,tomato,324,309,364,353
img_1900.jpg,640,480,tomato,234,344,265,389
img_1900.jpg,640,480,tomato,248,367,289,413
img_1900.jpg,640,480,tomato,299,376,345,444
img_1900.jpg,640,480,tomato,338,371,379,426
img_1910.jpg,640,480,tomato,225,246,274,293
img_1910.jpg,640,480,tomato,275,239,312,290
img_1910.jpg,640,480,tomato,312,230,347,279
img_1910.jpg,640,480,tomato,221,291,270,346
img_1910.jpg,640,480,tomato,284,288,320,333
img_1910.jpg,640,480,tomato,321,274,354,317
img_1910.jpg,640,480,tomato,258,322,300,369
img_1910.jpg,640,480,tomato,311,328,352,374
img_1910.jpg,640,480,tomato,332,307,366,355
img_1910.jpg,640,480,tomato,234,346,264,383
img_1910.jpg,640,480,tomato,249,367,287,411
img_1910.jpg,640,480,tomato,296,374,344,440
img_1910.jpg,640,480,tomato,339,373,380,426
img_1920.jpg,640,480,tomato,221,247,274,292
img_1920.jpg,640,480,tomato,275,239,313,290
img_1920.jpg,640,480,tomato,311,232,347,279
img_1920.jpg,640,480,tomato,222,295,270,349
img_1920.jpg,640,480,tomato,284,282,319,331
img_1920.jpg,640,480,tomato,318,275,354,320
img_1920.jpg,640,480,tomato,258,322,298,371
img_1920.jpg,640,480,tomato,309,329,350,379
img_1920.jpg,640,480,tomato,331,311,366,355
img_1920.jpg,640,480,tomato,249,365,288,412
img_1920.jpg,640,480,tomato,298,374,338,439
img_1920.jpg,640,480,tomato,337,372,382,425
img_1930.jpg,640,480,tomato,221,246,276,290
img_1930.jpg,640,480,tomato,277,239,313,296
img_1930.jpg,640,480,tomato,312,230,348,282
img_1930.jpg,640,480,tomato,223,290,271,347
img_1930.jpg,640,480,tomato,284,288,321,333
img_1930.jpg,640,480,tomato,318,277,354,322
img_1930.jpg,640,480,tomato,260,322,299,371
img_1930.jpg,640,480,tomato,307,330,349,377
img_1930.jpg,640,480,tomato,329,311,364,355
img_1930.jpg,640,480,tomato,234,345,262,389
img_1930.jpg,640,480,tomato,249,365,288,411
img_1930.jpg,640,480,tomato,292,380,337,439
img_1930.jpg,640,480,tomato,335,373,381,429
img_2000.jpg,640,480,tomato,280,217,322,261
img_2000.jpg,640,480,tomato,294,249,328,294
img_2000.jpg,640,480,tomato,367,260,410,325
img_2000.jpg,640,480,tomato,284,294,329,341
img_2000.jpg,640,480,tomato,337,294,371,340
img_2000.jpg,640,480,tomato,268,356,314,412
img_2000.jpg,640,480,tomato,310,335,352,396
img_2000.jpg,640,480,tomato,362,331,393,381
img_2000.jpg,640,480,tomato,393,337,433,392
img_2010.jpg,640,480,tomato,281,217,320,263
img_2010.jpg,640,480,tomato,293,253,332,294
img_2010.jpg,640,480,tomato,367,263,410,324
img_2010.jpg,640,480,tomato,339,294,376,340
img_2010.jpg,640,480,tomato,284,294,330,342
img_2010.jpg,640,480,tomato,271,357,311,412
img_2010.jpg,640,480,tomato,310,337,352,399
img_2010.jpg,640,480,tomato,362,333,395,382
img_2010.jpg,640,480,tomato,392,337,433,393
img_2020.jpg,640,480,tomato,281,215,324,262
img_2020.jpg,640,480,tomato,295,251,332,298
img_2020.jpg,640,480,tomato,282,297,331,343
img_2020.jpg,640,480,tomato,338,294,374,342
img_2020.jpg,640,480,tomato,365,258,408,322
img_2020.jpg,640,480,tomato,269,353,312,414
img_2020.jpg,640,480,tomato,309,336,353,399
img_2020.jpg,640,480,tomato,360,333,393,381
img_2020.jpg,640,480,tomato,393,333,437,391
img_2030.jpg,640,480,tomato,281,212,324,266
img_2030.jpg,640,480,tomato,289,250,332,298
img_2030.jpg,640,480,tomato,282,293,333,343
img_2030.jpg,640,480,tomato,340,294,376,344
img_2030.jpg,640,480,tomato,366,262,408,325
img_2030.jpg,640,480,tomato,268,350,313,413
img_2030.jpg,640,480,tomato,312,331,350,396
img_2030.jpg,640,480,tomato,362,325,397,381
img_2030.jpg,640,480,tomato,392,337,435,391
img_2040.jpg,640,480,tomato,294,217,336,263
img_2040.jpg,640,480,tomato,311,253,347,300
img_2040.jpg,640,480,tomato,300,292,352,342
img_2040.jpg,640,480,tomato,384,260,434,322
img_2040.jpg,640,480,tomato,353,293,388,343
img_2040.jpg,640,480,tomato,281,360,329,414
img_2040.jpg,640,480,tomato,332,337,372,400
img_2040.jpg,640,480,tomato,374,327,410,383
img_2040.jpg,640,480,tomato,403,335,455,387
img_2050.jpg,640,480,tomato,312,220,354,264
img_2050.jpg,640,480,tomato,326,254,369,297
img_2050.jpg,640,480,tomato,316,298,367,346
img_2050.jpg,640,480,tomato,375,294,412,347
img_2050.jpg,640,480,tomato,403,260,444,325
img_2050.jpg,640,480,tomato,350,336,390,405
img_2050.jpg,640,480,tomato,302,355,352,414
img_2050.jpg,640,480,tomato,400,330,431,381
img_2050.jpg,640,480,tomato,429,337,471,390
img_2060.jpg,640,480,tomato,319,213,363,264
img_2060.jpg,640,480,tomato,335,252,375,301
img_2060.jpg,640,480,tomato,326,293,381,346
img_2060.jpg,640,480,tomato,384,294,418,345
img_2060.jpg,640,480,tomato,409,258,460,326
img_2060.jpg,640,480,tomato,316,358,364,421
img_2060.jpg,640,480,tomato,362,336,403,402
img_2060.jpg,640,480,tomato,403,327,440,384
img_2060.jpg,640,480,tomato,440,332,485,392
img_2070.jpg,640,480,tomato,350,215,390,262
img_2070.jpg,640,480,tomato,366,251,405,301
img_2070.jpg,640,480,tomato,347,291,407,346
img_2070.jpg,640,480,tomato,416,294,446,342
img_2070.jpg,640,480,tomato,447,258,489,324
img_2070.jpg,640,480,tomato,340,353,390,420
img_2070.jpg,640,480,tomato,385,337,431,402
img_2070.jpg,640,480,tomato,429,333,468,380
img_2070.jpg,640,480,tomato,469,336,518,396
img_2080.jpg,640,480,tomato,365,213,411,266
img_2080.jpg,640,480,tomato,380,252,425,297
img_2080.jpg,640,480,tomato,367,292,424,346
img_2080.jpg,640,480,tomato,428,298,465,346
img_2080.jpg,640,480,tomato,459,261,504,331
img_2080.jpg,640,480,tomato,359,353,405,421
img_2080.jpg,640,480,tomato,403,338,451,403
img_2080.jpg,640,480,tomato,448,330,483,389
img_2080.jpg,640,480,tomato,483,338,532,398
img_2090.jpg,640,480,tomato,387,213,432,266
img_2090.jpg,640,480,tomato,400,251,448,300
img_2090.jpg,640,480,tomato,388,292,449,344
img_2090.jpg,640,480,tomato,453,294,492,348
img_2090.jpg,640,480,tomato,482,259,528,328
img_2090.jpg,640,480,tomato,380,353,427,420
img_2090.jpg,640,480,tomato,429,340,472,407
img_2090.jpg,640,480,tomato,474,328,506,385
img_2090.jpg,640,480,tomato,510,339,556,396
img_2100.jpg,640,480,tomato,392,215,436,267
img_2100.jpg,640,480,tomato,408,253,450,303
img_2100.jpg,640,480,tomato,393,297,453,350
img_2100.jpg,640,480,tomato,487,259,536,326
img_2100.jpg,640,480,tomato,455,292,498,343
img_2100.jpg,640,480,tomato,387,358,433,420
img_2100.jpg,640,480,tomato,440,340,479,403
img_2100.jpg,640,480,tomato,481,332,515,384
img_2100.jpg,640,480,tomato,513,337,563,393
img_2110.jpg,640,480,tomato,375,215,420,263
img_2110.jpg,640,480,tomato,388,247,427,296
img_2110.jpg,640,480,tomato,376,293,423,343
img_2110.jpg,640,480,tomato,434,296,470,348
img_2110.jpg,640,480,tomato,463,258,506,328
img_2110.jpg,640,480,tomato,360,355,405,416
img_2110.jpg,640,480,tomato,408,337,448,404
img_2110.jpg,640,480,tomato,455,333,491,385
img_2110.jpg,640,480,tomato,491,341,534,400
img_2120.jpg,640,480,tomato,361,216,404,262
img_2120.jpg,640,480,tomato,373,250,410,297
img_2120.jpg,640,480,tomato,365,292,409,343
img_2120.jpg,640,480,tomato,414,298,454,349
img_2120.jpg,640,480,tomato,446,260,487,331
img_2120.jpg,640,480,tomato,341,354,386,412
img_2120.jpg,640,480,tomato,387,338,426,402
img_2120.jpg,640,480,tomato,438,334,472,389
img_2120.jpg,640,480,tomato,468,344,513,406
img_2120.jpg,640,480,tomato,477,320,512,363
img_2130.jpg,640,480,tomato,352,218,390,260
img_2130.jpg,640,480,tomato,354,250,397,292
img_2130.jpg,640,480,tomato,346,292,391,340
img_2130.jpg,640,480,tomato,423,266,470,330
img_2130.jpg,640,480,tomato,397,296,429,347
img_2130.jpg,640,480,tomato,367,334,408,402
img_2130.jpg,640,480,tomato,324,353,371,408
img_2130.jpg,640,480,tomato,414,342,454,392
img_2130.jpg,640,480,tomato,446,351,487,410
img_2130.jpg,640,480,tomato,457,318,496,368
img_2140.jpg,640,480,tomato,346,219,387,260
img_2140.jpg,640,480,tomato,355,252,393,293
img_2140.jpg,640,480,tomato,342,292,388,339
img_2140.jpg,640,480,tomato,393,301,421,349
img_2140.jpg,640,480,tomato,415,264,463,332
img_2140.jpg,640,480,tomato,321,352,366,404
img_2140.jpg,640,480,tomato,360,333,399,397
img_2140.jpg,640,480,tomato,414,338,444,389
img_2140.jpg,640,480,tomato,440,351,481,411
img_2140.jpg,640,480,tomato,444,316,486,368
img_2150.jpg,640,480,tomato,344,216,382,257
img_2150.jpg,640,480,tomato,353,252,388,295
img_2150.jpg,640,480,tomato,341,294,388,338
img_2150.jpg,640,480,tomato,387,300,423,348
img_2150.jpg,640,480,tomato,416,264,461,335
img_2150.jpg,640,480,tomato,319,351,362,406
img_2150.jpg,640,480,tomato,358,336,401,398
img_2150.jpg,640,480,tomato,411,342,444,392
img_2150.jpg,640,480,tomato,439,347,478,411
img_2150.jpg,640,480,tomato,447,318,487,368
img_2160.jpg,640,480,tomato,347,217,387,263
img_2160.jpg,640,480,tomato,354,252,390,295
img_2160.jpg,640,480,tomato,341,294,387,337
img_2160.jpg,640,480,tomato,390,301,425,351
img_2160.jpg,640,480,tomato,417,263,461,333
img_2160.jpg,640,480,tomato,444,316,491,369
img_2160.jpg,640,480,tomato,318,352,365,406
img_2160.jpg,640,480,tomato,362,337,399,400
img_2160.jpg,640,480,tomato,412,338,449,391
img_2160.jpg,640,480,tomato,438,350,479,411
img_2170.jpg,640,480,tomato,357,214,397,265
img_2170.jpg,640,480,tomato,369,251,406,299
img_2170.jpg,640,480,tomato,358,297,407,344
img_2170.jpg,640,480,tomato,414,304,448,350
img_2170.jpg,640,480,tomato,438,267,485,336
img_2170.jpg,640,480,tomato,333,361,384,413
img_2170.jpg,640,480,tomato,383,345,427,404
img_2170.jpg,640,480,tomato,432,344,471,396
img_2170.jpg,640,480,tomato,468,354,511,409
img_2170.jpg,640,480,tomato,468,320,512,369
img_2180.jpg,640,480,tomato,371,219,415,268
img_2180.jpg,640,480,tomato,384,258,421,303
img_2180.jpg,640,480,tomato,370,300,424,348
img_2180.jpg,640,480,tomato,429,301,467,352
img_2180.jpg,640,480,tomato,461,268,506,336
img_2180.jpg,640,480,tomato,354,360,403,424
img_2180.jpg,640,480,tomato,404,346,450,409
img_2180.jpg,640,480,tomato,458,340,487,392
img_2180.jpg,640,480,tomato,489,345,536,410
img_2190.jpg,640,480,tomato,397,219,442,271
img_2190.jpg,640,480,tomato,414,256,458,305
img_2190.jpg,640,480,tomato,423,295,467,356
img_2190.jpg,640,480,tomato,463,298,502,346
img_2190.jpg,640,480,tomato,496,262,543,326
img_2190.jpg,640,480,tomato,394,364,448,432
img_2190.jpg,640,480,tomato,447,345,487,414
img_2190.jpg,640,480,tomato,484,335,523,391
img_2190.jpg,640,480,tomato,526,341,572,402
img_2200.jpg,640,480,tomato,411,216,458,273
img_2200.jpg,640,480,tomato,429,258,479,305
img_2200.jpg,640,480,tomato,441,298,485,352
img_2200.jpg,640,480,tomato,412,360,466,437
img_2200.jpg,640,480,tomato,463,347,506,417
img_2200.jpg,640,480,tomato,487,293,515,344
img_2200.jpg,640,480,tomato,513,260,564,330
img_2200.jpg,640,480,tomato,501,340,536,393
img_2200.jpg,640,480,tomato,538,340,587,398
img_2210.jpg,640,480,tomato,423,212,468,267
img_2210.jpg,640,480,tomato,438,255,485,307
img_2210.jpg,640,480,tomato,447,300,496,355
img_2210.jpg,640,480,tomato,495,300,527,344
img_2210.jpg,640,480,tomato,519,260,569,328
img_2210.jpg,640,480,tomato,423,363,471,434
img_2210.jpg,640,480,tomato,472,346,517,415
img_2210.jpg,640,480,tomato,515,337,542,389
img_2210.jpg,640,480,tomato,546,341,596,401
img_2210.jpg,640,480,tomato,420,314,449,355
img_2220.jpg,640,480,tomato,431,217,478,273
img_2220.jpg,640,480,tomato,455,257,500,310
img_2220.jpg,640,480,tomato,431,312,469,356
img_2220.jpg,640,480,tomato,466,304,519,356
img_2220.jpg,640,480,tomato,526,258,579,326
img_2220.jpg,640,480,tomato,443,361,491,439
img_2220.jpg,640,480,tomato,491,340,535,411
img_2220.jpg,640,480,tomato,556,337,601,390
img_2220.jpg,640,480,tomato,526,333,557,383
img_2230.jpg,640,480,tomato,443,215,489,273
img_2230.jpg,640,480,tomato,461,256,507,309
img_2230.jpg,640,480,tomato,437,310,483,358
img_2230.jpg,640,480,tomato,478,298,524,353
img_2230.jpg,640,480,tomato,533,258,584,323
img_2230.jpg,640,480,tomato,459,368,502,432
img_2230.jpg,640,480,tomato,504,341,542,407
img_2230.jpg,640,480,tomato,557,333,601,384
img_2240.jpg,640,480,tomato,448,213,496,273
img_2240.jpg,640,480,tomato,470,254,514,309
img_2240.jpg,640,480,tomato,444,309,490,355
img_2240.jpg,640,480,tomato,484,300,528,353
img_2240.jpg,640,480,tomato,530,258,586,320
img_2240.jpg,640,480,tomato,467,365,510,432
img_2240.jpg,640,480,tomato,511,336,551,406
img_2240.jpg,640,480,tomato,560,327,601,383
img_2250.jpg,640,480,tomato,452,215,498,274
img_2250.jpg,640,480,tomato,475,251,519,301
img_2250.jpg,640,480,tomato,451,308,492,358
img_2250.jpg,640,480,tomato,494,297,536,347
img_2250.jpg,640,480,tomato,536,258,582,318
img_2250.jpg,640,480,tomato,474,365,517,432
img_2250.jpg,640,480,tomato,511,339,552,402
img_2250.jpg,640,480,tomato,554,327,603,377
img_2260.jpg,640,480,tomato,443,215,492,269
img_2260.jpg,640,480,tomato,468,254,512,305
img_2260.jpg,640,480,tomato,530,255,577,317
img_2260.jpg,640,480,tomato,486,297,530,350
img_2260.jpg,640,480,tomato,444,312,485,356
img_2260.jpg,640,480,tomato,466,368,509,433
img_2260.jpg,640,480,tomato,509,340,547,402
img_2260.jpg,640,480,tomato,554,326,597,379
img_2270.jpg,640,480,tomato,407,215,455,273
img_2270.jpg,640,480,tomato,429,258,475,310
img_2270.jpg,640,480,tomato,504,254,549,319
img_2270.jpg,640,480,tomato,446,301,496,354
img_2270.jpg,640,480,tomato,403,312,451,357
img_2270.jpg,640,480,tomato,426,374,466,439
img_2270.jpg,640,480,tomato,467,349,510,408
img_2270.jpg,640,480,tomato,522,333,571,389
img_2280.jpg,640,480,tomato,381,221,427,274
img_2280.jpg,640,480,tomato,404,258,450,313
img_2280.jpg,640,480,tomato,415,302,463,354
img_2280.jpg,640,480,tomato,378,314,420,358
img_2280.jpg,640,480,tomato,474,259,526,323
img_2280.jpg,640,480,tomato,501,335,549,388
img_2280.jpg,640,480,tomato,440,337,483,412
img_2280.jpg,640,480,tomato,396,368,438,436
img_2290.jpg,640,480,tomato,369,224,411,274
img_2290.jpg,640,480,tomato,390,259,433,312
img_2290.jpg,640,480,tomato,401,302,444,358
img_2290.jpg,640,480,tomato,368,315,406,358
img_2290.jpg,640,480,tomato,463,259,512,327
img_2290.jpg,640,480,tomato,383,373,429,441
img_2290.jpg,640,480,tomato,429,341,469,412
img_2290.jpg,640,480,tomato,489,334,532,389
img_2300.jpg,640,480,tomato,342,223,387,274
img_2300.jpg,640,480,tomato,364,262,411,310
img_2300.jpg,640,480,tomato,342,316,382,360
img_2300.jpg,640,480,tomato,378,306,422,362
img_2300.jpg,640,480,tomato,439,259,490,325
img_2300.jpg,640,480,tomato,359,373,403,445
img_2300.jpg,640,480,tomato,403,347,447,412
img_2300.jpg,640,480,tomato,467,333,513,390
img_2310.jpg,640,480,tomato,286,221,331,275
img_2310.jpg,640,480,tomato,305,263,355,312
img_2310.jpg,640,480,tomato,387,266,432,329
img_2310.jpg,640,480,tomato,317,305,363,363
img_2310.jpg,640,480,tomato,286,321,327,364
img_2310.jpg,640,480,tomato,291,374,338,443
img_2310.jpg,640,480,tomato,340,347,380,419
img_2310.jpg,640,480,tomato,378,341,410,388
img_2310.jpg,640,480,tomato,411,344,455,395
img_2320.jpg,640,480,tomato,240,223,287,281
img_2320.jpg,640,480,tomato,258,267,312,314
img_2320.jpg,640,480,tomato,265,311,312,362
img_2320.jpg,640,480,tomato,347,267,390,333
img_2320.jpg,640,480,tomato,315,308,347,358
img_2320.jpg,640,480,tomato,238,375,294,450
img_2320.jpg,640,480,tomato,291,354,334,426
img_2320.jpg,640,480,tomato,334,347,370,396
img_2320.jpg,640,480,tomato,369,345,415,402
img_2330.jpg,640,480,tomato,208,232,250,277
img_2330.jpg,640,480,tomato,229,267,274,318
img_2330.jpg,640,480,tomato,232,313,283,364
img_2330.jpg,640,480,tomato,283,311,316,355
img_2330.jpg,640,480,tomato,315,271,357,335
img_2330.jpg,640,480,tomato,208,381,261,453
img_2330.jpg,640,480,tomato,262,356,304,429
img_2330.jpg,640,480,tomato,306,350,338,397
img_2330.jpg,640,480,tomato,340,348,387,404
img_2340.jpg,640,480,tomato,172,228,218,281
img_2340.jpg,640,480,tomato,192,267,239,314
img_2340.jpg,640,480,tomato,279,273,322,338
img_2340.jpg,640,480,tomato,193,315,243,366
img_2340.jpg,640,480,tomato,246,311,281,359
img_2340.jpg,640,480,tomato,269,348,305,403
img_2340.jpg,640,480,tomato,225,358,269,429
img_2340.jpg,640,480,tomato,170,380,226,457
img_2350.jpg,640,480,tomato,158,226,198,282
img_2350.jpg,640,480,tomato,175,269,223,318
img_2350.jpg,640,480,tomato,176,314,224,370
img_2350.jpg,640,480,tomato,229,313,266,362
img_2350.jpg,640,480,tomato,259,270,307,343
img_2350.jpg,640,480,tomato,152,384,205,460
img_2350.jpg,640,480,tomato,207,362,252,432
img_2350.jpg,640,480,tomato,251,350,289,402
img_2350.jpg,640,480,tomato,289,353,335,406
img_2360.jpg,640,480,tomato,143,228,183,282
img_2360.jpg,640,480,tomato,163,269,204,318
img_2360.jpg,640,480,tomato,165,312,211,370
img_2360.jpg,640,480,tomato,219,314,255,363
img_2360.jpg,640,480,tomato,251,274,293,341
img_2360.jpg,640,480,tomato,280,351,323,408
img_2360.jpg,640,480,tomato,240,350,277,400
img_2360.jpg,640,480,tomato,193,363,238,434
img_2360.jpg,640,480,tomato,142,385,195,462
img_2370.jpg,640,480,tomato,127,226,178,283
img_2370.jpg,640,480,tomato,151,267,198,322
img_2370.jpg,640,480,tomato,150,319,196,370
img_2370.jpg,640,480,tomato,206,312,245,365
img_2370.jpg,640,480,tomato,234,274,283,343
img_2370.jpg,640,480,tomato,127,388,179,460
img_2370.jpg,640,480,tomato,182,363,225,435
img_2370.jpg,640,480,tomato,234,353,264,404
img_2370.jpg,640,480,tomato,264,354,312,413
img_2380.jpg,640,480,tomato,111,228,160,287
img_2380.jpg,640,480,tomato,126,269,169,323
img_2380.jpg,640,480,tomato,213,275,260,344
img_2380.jpg,640,480,tomato,116,320,173,373
img_2380.jpg,640,480,tomato,182,318,216,374
img_2380.jpg,640,480,tomato,99,394,148,458
img_2380.jpg,640,480,tomato,148,369,205,438
img_2380.jpg,640,480,tomato,210,356,244,408
img_2380.jpg,640,480,tomato,245,360,292,418
img_2390.jpg,640,480,tomato,98,231,141,282
img_2390.jpg,640,480,tomato,110,269,154,326
img_2390.jpg,640,480,tomato,101,319,152,374
img_2390.jpg,640,480,tomato,165,322,200,374
img_2390.jpg,640,480,tomato,196,279,238,350
img_2390.jpg,640,480,tomato,77,397,131,459
img_2390.jpg,640,480,tomato,131,366,178,441
img_2390.jpg,640,480,tomato,187,365,229,418
img_2390.jpg,640,480,tomato,222,365,268,426
img_2390.jpg,640,480,tomato,224,331,269,378
img_2400.jpg,640,480,tomato,92,230,138,280
img_2400.jpg,640,480,tomato,101,270,140,318
img_2400.jpg,640,480,tomato,89,320,139,368
img_2400.jpg,640,480,tomato,182,281,226,350
img_2400.jpg,640,480,tomato,151,324,191,376
img_2400.jpg,640,480,tomato,69,389,119,454
img_2400.jpg,640,480,tomato,114,365,163,439
img_2400.jpg,640,480,tomato,178,363,213,419
img_2400.jpg,640,480,tomato,209,371,251,432
img_2400.jpg,640,480,tomato,214,334,257,381
img_2410.jpg,640,480,tomato,86,226,133,277
img_2410.jpg,640,480,tomato,98,269,137,321
img_2410.jpg,640,480,tomato,85,318,136,372
img_2410.jpg,640,480,tomato,150,320,182,375
img_2410.jpg,640,480,tomato,174,278,223,354
img_2410.jpg,640,480,tomato,207,336,255,385
img_2410.jpg,640,480,tomato,64,393,113,456
img_2410.jpg,640,480,tomato,113,368,160,439
img_2410.jpg,640,480,tomato,172,365,208,421
img_2410.jpg,640,480,tomato,206,371,247,434
img_2420.jpg,640,480,tomato,78,230,121,277
img_2420.jpg,640,480,tomato,82,273,127,320
img_2420.jpg,640,480,tomato,68,320,118,371
img_2420.jpg,640,480,tomato,156,284,203,360
img_2420.jpg,640,480,tomato,191,342,236,392
img_2420.jpg,640,480,tomato,51,392,99,448
img_2420.jpg,640,480,tomato,95,363,148,438
img_2420.jpg,640,480,tomato,154,370,189,421
img_2420.jpg,640,480,tomato,180,369,225,442
img_2420.jpg,640,480,tomato,127,322,165,375
img_2430.jpg,640,480,tomato,73,232,121,278
img_2430.jpg,640,480,tomato,75,270,121,318
img_2430.jpg,640,480,tomato,64,316,115,369
img_2430.jpg,640,480,tomato,147,279,194,356
img_2430.jpg,640,480,tomato,87,367,133,439
img_2430.jpg,640,480,tomato,48,389,91,449
img_2430.jpg,640,480,tomato,174,373,212,440
img_2430.jpg,640,480,tomato,182,336,231,395
img_2440.jpg,640,480,tomato,79,229,121,279
img_2440.jpg,640,480,tomato,83,267,122,316
img_2440.jpg,640,480,tomato,66,316,121,371
img_2440.jpg,640,480,tomato,156,283,198,355
img_2440.jpg,640,480,tomato,51,390,95,451
img_2440.jpg,640,480,tomato,90,367,144,437
img_2440.jpg,640,480,tomato,179,371,223,444
img_2440.jpg,640,480,tomato,190,337,236,393
img_2450.jpg,640,480,tomato,87,227,132,279
img_2450.jpg,640,480,tomato,94,269,135,317
img_2450.jpg,640,480,tomato,81,317,124,368
img_2450.jpg,640,480,tomato,171,283,216,354
img_2450.jpg,640,480,tomato,207,335,253,387
img_2450.jpg,640,480,tomato,195,373,239,432
img_2450.jpg,640,480,tomato,107,369,156,438
img_2450.jpg,640,480,tomato,56,385,111,452
img_2460.jpg,640,480,tomato,109,226,154,283
img_2460.jpg,640,480,tomato,123,268,164,318
img_2460.jpg,640,480,tomato,110,317,162,373
img_2460.jpg,640,480,tomato,209,273,252,347
img_2460.jpg,640,480,tomato,175,319,213,371
img_2460.jpg,640,480,tomato,85,391,142,454
img_2460.jpg,640,480,tomato,142,371,193,434
img_2460.jpg,640,480,tomato,200,360,239,411
img_2460.jpg,640,480,tomato,237,368,281,424
img_2460.jpg,640,480,tomato,238,330,282,370
img_2470.jpg,640,480,tomato,128,221,180,281
img_2470.jpg,640,480,tomato,150,265,196,319
img_2470.jpg,640,480,tomato,135,315,196,373
img_2470.jpg,640,480,tomato,206,314,243,364
img_2470.jpg,640,480,tomato,238,274,282,341
img_2470.jpg,640,480,tomato,125,386,178,457
img_2470.jpg,640,480,tomato,179,365,228,433
img_2470.jpg,640,480,tomato,232,351,268,408
img_2470.jpg,640,480,tomato,270,361,312,411
img_2470.jpg,640,480,tomato,268,324,303,361
img_2480.jpg,640,480,tomato,160,226,202,283
img_2480.jpg,640,480,tomato,181,269,232,322
img_2480.jpg,640,480,tomato,190,311,238,371
img_2480.jpg,640,480,tomato,244,310,275,359
img_2480.jpg,640,480,tomato,270,269,315,337
img_2480.jpg,640,480,tomato,164,384,221,458
img_2480.jpg,640,480,tomato,219,359,266,430
img_2480.jpg,640,480,tomato,263,345,294,402
img_2480.jpg,640,480,tomato,301,350,342,404
img_2490.jpg,640,480,tomato,201,222,244,281
img_2490.jpg,640,480,tomato,223,264,275,319
img_2490.jpg,640,480,tomato,235,306,280,368
img_2490.jpg,640,480,tomato,302,264,347,326
img_2490.jpg,640,480,tomato,205,324,243,372
img_2490.jpg,640,480,tomato,218,388,268,457
img_2490.jpg,640,480,tomato,262,350,308,421
img_2490.jpg,640,480,tomato,331,338,371,391
